<annotation>
	<folder>train</folder>
	<filename>Screenshot 2021-03-14 at 6.27.17 PM.png</filename>
	<path>/Users/Souhitya/Desktop/dataset/train/Screenshot 2021-03-14 at 6.27.17 PM.png</path>
	<source>
		<database>Unknown</database>
	</source>
	<size>
		<width>499</width>
		<height>647</height>
		<depth>3</depth>
	</size>
	<segmented>0</segmented>
	<object>
		<name>Section Text</name>
		<pose>Unspecified</pose>
		<truncated>0</truncated>
		<difficult>0</difficult>
		<bndbox>
			<xmin>95</xmin>
			<ymin>73</ymin>
			<xmax>432</xmax>
			<ymax>265</ymax>
		</bndbox>
	</object>
	<object>
		<name>Section Text</name>
		<pose>Unspecified</pose>
		<truncated>0</truncated>
		<difficult>0</difficult>
		<bndbox>
			<xmin>99</xmin>
			<ymin>302</ymin>
			<xmax>436</xmax>
			<ymax>344</ymax>
		</bndbox>
	</object>
	<object>
		<name>Section Text</name>
		<pose>Unspecified</pose>
		<truncated>0</truncated>
		<difficult>0</difficult>
		<bndbox>
			<xmin>99</xmin>
			<ymin>378</ymin>
			<xmax>423</xmax>
			<ymax>420</ymax>
		</bndbox>
	</object>
	<object>
		<name>Section Text</name>
		<pose>Unspecified</pose>
		<truncated>0</truncated>
		<difficult>0</difficult>
		<bndbox>
			<xmin>101</xmin>
			<ymin>453</ymin>
			<xmax>430</xmax>
			<ymax>508</ymax>
		</bndbox>
	</object>
	<object>
		<name>Section Text</name>
		<pose>Unspecified</pose>
		<truncated>0</truncated>
		<difficult>0</difficult>
		<bndbox>
			<xmin>103</xmin>
			<ymin>543</ymin>
			<xmax>432</xmax>
			<ymax>612</ymax>
		</bndbox>
	</object>
	<object>
		<name>Section Title</name>
		<pose>Unspecified</pose>
		<truncated>0</truncated>
		<difficult>0</difficult>
		<bndbox>
			<xmin>95</xmin>
			<ymin>275</ymin>
			<xmax>238</xmax>
			<ymax>293</ymax>
		</bndbox>
	</object>
	<object>
		<name>Section Title</name>
		<pose>Unspecified</pose>
		<truncated>0</truncated>
		<difficult>0</difficult>
		<bndbox>
			<xmin>98</xmin>
			<ymin>427</ymin>
			<xmax>256</xmax>
			<ymax>444</ymax>
		</bndbox>
	</object>
	<object>
		<name>Section Title</name>
		<pose>Unspecified</pose>
		<truncated>0</truncated>
		<difficult>0</difficult>
		<bndbox>
			<xmin>101</xmin>
			<ymin>514</ymin>
			<xmax>207</xmax>
			<ymax>533</ymax>
		</bndbox>
	</object>
	<object>
		<name>Section Title</name>
		<pose>Unspecified</pose>
		<truncated>0</truncated>
		<difficult>0</difficult>
		<bndbox>
			<xmin>98</xmin>
			<ymin>351</ymin>
			<xmax>189</xmax>
			<ymax>369</ymax>
		</bndbox>
	</object>
	<object>
		<name>Section No.</name>
		<pose>Unspecified</pose>
		<truncated>0</truncated>
		<difficult>0</difficult>
		<bndbox>
			<xmin>45</xmin>
			<ymin>516</ymin>
			<xmax>81</xmax>
			<ymax>533</ymax>
		</bndbox>
	</object>
	<object>
		<name>Section No.</name>
		<pose>Unspecified</pose>
		<truncated>0</truncated>
		<difficult>0</difficult>
		<bndbox>
			<xmin>43</xmin>
			<ymin>427</ymin>
			<xmax>79</xmax>
			<ymax>444</ymax>
		</bndbox>
	</object>
	<object>
		<name>Section No.</name>
		<pose>Unspecified</pose>
		<truncated>0</truncated>
		<difficult>0</difficult>
		<bndbox>
			<xmin>43</xmin>
			<ymin>352</ymin>
			<xmax>79</xmax>
			<ymax>369</ymax>
		</bndbox>
	</object>
	<object>
		<name>Section No.</name>
		<pose>Unspecified</pose>
		<truncated>0</truncated>
		<difficult>0</difficult>
		<bndbox>
			<xmin>43</xmin>
			<ymin>276</ymin>
			<xmax>77</xmax>
			<ymax>293</ymax>
		</bndbox>
	</object>
	<object>
		<name>Page No.</name>
		<pose>Unspecified</pose>
		<truncated>0</truncated>
		<difficult>0</difficult>
		<bndbox>
			<xmin>413</xmin>
			<ymin>38</ymin>
			<xmax>433</xmax>
			<ymax>56</ymax>
		</bndbox>
	</object>
</annotation>
