<annotation>
	<folder>train</folder>
	<filename>Screenshot 2021-03-14 at 6.23.39 PM.png</filename>
	<path>/Users/Souhitya/Desktop/dataset/train/Screenshot 2021-03-14 at 6.23.39 PM.png</path>
	<source>
		<database>Unknown</database>
	</source>
	<size>
		<width>499</width>
		<height>647</height>
		<depth>3</depth>
	</size>
	<segmented>0</segmented>
	<object>
		<name>Section Title</name>
		<pose>Unspecified</pose>
		<truncated>0</truncated>
		<difficult>0</difficult>
		<bndbox>
			<xmin>114</xmin>
			<ymin>90</ymin>
			<xmax>207</xmax>
			<ymax>104</ymax>
		</bndbox>
	</object>
	<object>
		<name>Section Text</name>
		<pose>Unspecified</pose>
		<truncated>0</truncated>
		<difficult>0</difficult>
		<bndbox>
			<xmin>115</xmin>
			<ymin>112</ymin>
			<xmax>450</xmax>
			<ymax>162</ymax>
		</bndbox>
	</object>
	<object>
		<name>Section No.</name>
		<pose>Unspecified</pose>
		<truncated>0</truncated>
		<difficult>0</difficult>
		<bndbox>
			<xmin>59</xmin>
			<ymin>90</ymin>
			<xmax>85</xmax>
			<ymax>105</ymax>
		</bndbox>
	</object>
	<object>
		<name>Section Title</name>
		<pose>Unspecified</pose>
		<truncated>0</truncated>
		<difficult>0</difficult>
		<bndbox>
			<xmin>115</xmin>
			<ymin>201</ymin>
			<xmax>258</xmax>
			<ymax>216</ymax>
		</bndbox>
	</object>
	<object>
		<name>Section No.</name>
		<pose>Unspecified</pose>
		<truncated>0</truncated>
		<difficult>0</difficult>
		<bndbox>
			<xmin>58</xmin>
			<ymin>204</ymin>
			<xmax>88</xmax>
			<ymax>219</ymax>
		</bndbox>
	</object>
	<object>
		<name>Section Text</name>
		<pose>Unspecified</pose>
		<truncated>0</truncated>
		<difficult>0</difficult>
		<bndbox>
			<xmin>115</xmin>
			<ymin>225</ymin>
			<xmax>452</xmax>
			<ymax>285</ymax>
		</bndbox>
	</object>
	<object>
		<name>Section Title</name>
		<pose>Unspecified</pose>
		<truncated>0</truncated>
		<difficult>0</difficult>
		<bndbox>
			<xmin>115</xmin>
			<ymin>296</ymin>
			<xmax>253</xmax>
			<ymax>312</ymax>
		</bndbox>
	</object>
	<object>
		<name>Section Text</name>
		<pose>Unspecified</pose>
		<truncated>0</truncated>
		<difficult>0</difficult>
		<bndbox>
			<xmin>114</xmin>
			<ymin>316</ymin>
			<xmax>452</xmax>
			<ymax>516</ymax>
		</bndbox>
	</object>
	<object>
		<name>Section No.</name>
		<pose>Unspecified</pose>
		<truncated>0</truncated>
		<difficult>0</difficult>
		<bndbox>
			<xmin>58</xmin>
			<ymin>294</ymin>
			<xmax>85</xmax>
			<ymax>309</ymax>
		</bndbox>
	</object>
	<object>
		<name>Section Title</name>
		<pose>Unspecified</pose>
		<truncated>0</truncated>
		<difficult>0</difficult>
		<bndbox>
			<xmin>113</xmin>
			<ymin>519</ymin>
			<xmax>238</xmax>
			<ymax>534</ymax>
		</bndbox>
	</object>
	<object>
		<name>Section No.</name>
		<pose>Unspecified</pose>
		<truncated>0</truncated>
		<difficult>0</difficult>
		<bndbox>
			<xmin>57</xmin>
			<ymin>518</ymin>
			<xmax>85</xmax>
			<ymax>533</ymax>
		</bndbox>
	</object>
	<object>
		<name>Section Text</name>
		<pose>Unspecified</pose>
		<truncated>0</truncated>
		<difficult>0</difficult>
		<bndbox>
			<xmin>116</xmin>
			<ymin>540</ymin>
			<xmax>453</xmax>
			<ymax>603</ymax>
		</bndbox>
	</object>
	<object>
		<name>Page No.</name>
		<pose>Unspecified</pose>
		<truncated>0</truncated>
		<difficult>0</difficult>
		<bndbox>
			<xmin>225</xmin>
			<ymin>611</ymin>
			<xmax>282</xmax>
			<ymax>631</ymax>
		</bndbox>
	</object>
</annotation>
