<annotation>
	<folder>train</folder>
	<filename>Screenshot 2021-03-14 at 6.24.29 PM.png</filename>
	<path>/Users/Souhitya/Desktop/train/Screenshot 2021-03-14 at 6.24.29 PM.png</path>
	<source>
		<database>Unknown</database>
	</source>
	<size>
		<width>499</width>
		<height>647</height>
		<depth>1</depth>
	</size>
	<segmented>0</segmented>
	<object>
		<name>Section Text</name>
		<pose>Unspecified</pose>
		<truncated>0</truncated>
		<difficult>0</difficult>
		<bndbox>
			<xmin>115</xmin>
			<ymin>48</ymin>
			<xmax>449</xmax>
			<ymax>119</ymax>
		</bndbox>
	</object>
	<object>
		<name>Section Title</name>
		<pose>Unspecified</pose>
		<truncated>0</truncated>
		<difficult>0</difficult>
		<bndbox>
			<xmin>117</xmin>
			<ymin>161</ymin>
			<xmax>291</xmax>
			<ymax>176</ymax>
		</bndbox>
	</object>
	<object>
		<name>Section No.</name>
		<pose>Unspecified</pose>
		<truncated>0</truncated>
		<difficult>0</difficult>
		<bndbox>
			<xmin>58</xmin>
			<ymin>162</ymin>
			<xmax>86</xmax>
			<ymax>178</ymax>
		</bndbox>
	</object>
	<object>
		<name>Section Text</name>
		<pose>Unspecified</pose>
		<truncated>0</truncated>
		<difficult>0</difficult>
		<bndbox>
			<xmin>115</xmin>
			<ymin>187</ymin>
			<xmax>452</xmax>
			<ymax>281</ymax>
		</bndbox>
	</object>
	<object>
		<name>Section Title</name>
		<pose>Unspecified</pose>
		<truncated>0</truncated>
		<difficult>0</difficult>
		<bndbox>
			<xmin>116</xmin>
			<ymin>290</ymin>
			<xmax>210</xmax>
			<ymax>304</ymax>
		</bndbox>
	</object>
	<object>
		<name>Section No.</name>
		<pose>Unspecified</pose>
		<truncated>0</truncated>
		<difficult>0</difficult>
		<bndbox>
			<xmin>57</xmin>
			<ymin>289</ymin>
			<xmax>87</xmax>
			<ymax>305</ymax>
		</bndbox>
	</object>
	<object>
		<name>Section Text</name>
		<pose>Unspecified</pose>
		<truncated>0</truncated>
		<difficult>0</difficult>
		<bndbox>
			<xmin>117</xmin>
			<ymin>311</ymin>
			<xmax>451</xmax>
			<ymax>363</ymax>
		</bndbox>
	</object>
	<object>
		<name>Section Title</name>
		<pose>Unspecified</pose>
		<truncated>0</truncated>
		<difficult>0</difficult>
		<bndbox>
			<xmin>117</xmin>
			<ymin>370</ymin>
			<xmax>203</xmax>
			<ymax>386</ymax>
		</bndbox>
	</object>
	<object>
		<name>Section Text</name>
		<pose>Unspecified</pose>
		<truncated>0</truncated>
		<difficult>0</difficult>
		<bndbox>
			<xmin>116</xmin>
			<ymin>392</ymin>
			<xmax>451</xmax>
			<ymax>442</ymax>
		</bndbox>
	</object>
	<object>
		<name>Section No.</name>
		<pose>Unspecified</pose>
		<truncated>0</truncated>
		<difficult>0</difficult>
		<bndbox>
			<xmin>56</xmin>
			<ymin>369</ymin>
			<xmax>87</xmax>
			<ymax>384</ymax>
		</bndbox>
	</object>
	<object>
		<name>Section No.</name>
		<pose>Unspecified</pose>
		<truncated>0</truncated>
		<difficult>0</difficult>
		<bndbox>
			<xmin>57</xmin>
			<ymin>451</ymin>
			<xmax>87</xmax>
			<ymax>465</ymax>
		</bndbox>
	</object>
	<object>
		<name>Section No.</name>
		<pose>Unspecified</pose>
		<truncated>0</truncated>
		<difficult>0</difficult>
		<bndbox>
			<xmin>59</xmin>
			<ymin>577</ymin>
			<xmax>89</xmax>
			<ymax>594</ymax>
		</bndbox>
	</object>
	<object>
		<name>Section Title</name>
		<pose>Unspecified</pose>
		<truncated>0</truncated>
		<difficult>0</difficult>
		<bndbox>
			<xmin>115</xmin>
			<ymin>449</ymin>
			<xmax>228</xmax>
			<ymax>465</ymax>
		</bndbox>
	</object>
	<object>
		<name>Section Text</name>
		<pose>Unspecified</pose>
		<truncated>0</truncated>
		<difficult>0</difficult>
		<bndbox>
			<xmin>115</xmin>
			<ymin>472</ymin>
			<xmax>451</xmax>
			<ymax>568</ymax>
		</bndbox>
	</object>
	<object>
		<name>Section Title</name>
		<pose>Unspecified</pose>
		<truncated>0</truncated>
		<difficult>0</difficult>
		<bndbox>
			<xmin>113</xmin>
			<ymin>576</ymin>
			<xmax>249</xmax>
			<ymax>596</ymax>
		</bndbox>
	</object>
	<object>
		<name>Page No.</name>
		<pose>Unspecified</pose>
		<truncated>0</truncated>
		<difficult>0</difficult>
		<bndbox>
			<xmin>223</xmin>
			<ymin>615</ymin>
			<xmax>284</xmax>
			<ymax>630</ymax>
		</bndbox>
	</object>
</annotation>
