<annotation>
	<folder>train</folder>
	<filename>Screenshot 2021-03-14 at 6.28.01 PM.png</filename>
	<path>/Users/Souhitya/Desktop/dataset/train/Screenshot 2021-03-14 at 6.28.01 PM.png</path>
	<source>
		<database>Unknown</database>
	</source>
	<size>
		<width>499</width>
		<height>647</height>
		<depth>3</depth>
	</size>
	<segmented>0</segmented>
	<object>
		<name>Section Text</name>
		<pose>Unspecified</pose>
		<truncated>0</truncated>
		<difficult>0</difficult>
		<bndbox>
			<xmin>97</xmin>
			<ymin>71</ymin>
			<xmax>418</xmax>
			<ymax>139</ymax>
		</bndbox>
	</object>
	<object>
		<name>Section Text</name>
		<pose>Unspecified</pose>
		<truncated>0</truncated>
		<difficult>0</difficult>
		<bndbox>
			<xmin>98</xmin>
			<ymin>170</ymin>
			<xmax>433</xmax>
			<ymax>287</ymax>
		</bndbox>
	</object>
	<object>
		<name>Section Text</name>
		<pose>Unspecified</pose>
		<truncated>0</truncated>
		<difficult>0</difficult>
		<bndbox>
			<xmin>102</xmin>
			<ymin>359</ymin>
			<xmax>432</xmax>
			<ymax>439</ymax>
		</bndbox>
	</object>
	<object>
		<name>Section Text</name>
		<pose>Unspecified</pose>
		<truncated>0</truncated>
		<difficult>0</difficult>
		<bndbox>
			<xmin>100</xmin>
			<ymin>574</ymin>
			<xmax>434</xmax>
			<ymax>627</ymax>
		</bndbox>
	</object>
	<object>
		<name>Section Text</name>
		<pose>Unspecified</pose>
		<truncated>0</truncated>
		<difficult>0</difficult>
		<bndbox>
			<xmin>101</xmin>
			<ymin>470</ymin>
			<xmax>436</xmax>
			<ymax>538</ymax>
		</bndbox>
	</object>
	<object>
		<name>Section Title</name>
		<pose>Unspecified</pose>
		<truncated>0</truncated>
		<difficult>0</difficult>
		<bndbox>
			<xmin>97</xmin>
			<ymin>146</ymin>
			<xmax>201</xmax>
			<ymax>162</ymax>
		</bndbox>
	</object>
	<object>
		<name>Section Title</name>
		<pose>Unspecified</pose>
		<truncated>0</truncated>
		<difficult>0</difficult>
		<bndbox>
			<xmin>101</xmin>
			<ymin>446</ymin>
			<xmax>256</xmax>
			<ymax>463</ymax>
		</bndbox>
	</object>
	<object>
		<name>Section Title</name>
		<pose>Unspecified</pose>
		<truncated>0</truncated>
		<difficult>0</difficult>
		<bndbox>
			<xmin>100</xmin>
			<ymin>333</ymin>
			<xmax>171</xmax>
			<ymax>350</ymax>
		</bndbox>
	</object>
	<object>
		<name>Section Title</name>
		<pose>Unspecified</pose>
		<truncated>0</truncated>
		<difficult>0</difficult>
		<bndbox>
			<xmin>101</xmin>
			<ymin>547</ymin>
			<xmax>203</xmax>
			<ymax>565</ymax>
		</bndbox>
	</object>
	<object>
		<name>Section No.</name>
		<pose>Unspecified</pose>
		<truncated>0</truncated>
		<difficult>0</difficult>
		<bndbox>
			<xmin>44</xmin>
			<ymin>546</ymin>
			<xmax>74</xmax>
			<ymax>562</ymax>
		</bndbox>
	</object>
	<object>
		<name>Section No.</name>
		<pose>Unspecified</pose>
		<truncated>0</truncated>
		<difficult>0</difficult>
		<bndbox>
			<xmin>42</xmin>
			<ymin>334</ymin>
			<xmax>74</xmax>
			<ymax>349</ymax>
		</bndbox>
	</object>
	<object>
		<name>Section No.</name>
		<pose>Unspecified</pose>
		<truncated>0</truncated>
		<difficult>0</difficult>
		<bndbox>
			<xmin>42</xmin>
			<ymin>447</ymin>
			<xmax>76</xmax>
			<ymax>462</ymax>
		</bndbox>
	</object>
	<object>
		<name>Section No.</name>
		<pose>Unspecified</pose>
		<truncated>0</truncated>
		<difficult>0</difficult>
		<bndbox>
			<xmin>38</xmin>
			<ymin>144</ymin>
			<xmax>76</xmax>
			<ymax>161</ymax>
		</bndbox>
	</object>
	<object>
		<name>Page No.</name>
		<pose>Unspecified</pose>
		<truncated>0</truncated>
		<difficult>0</difficult>
		<bndbox>
			<xmin>415</xmin>
			<ymin>50</ymin>
			<xmax>432</xmax>
			<ymax>66</ymax>
		</bndbox>
	</object>
</annotation>
