<annotation>
	<folder>train</folder>
	<filename>Screenshot 2021-03-14 at 6.27.52 PM.png</filename>
	<path>/Users/Souhitya/Desktop/dataset/train/Screenshot 2021-03-14 at 6.27.52 PM.png</path>
	<source>
		<database>Unknown</database>
	</source>
	<size>
		<width>499</width>
		<height>647</height>
		<depth>3</depth>
	</size>
	<segmented>0</segmented>
	<object>
		<name>Section Text</name>
		<pose>Unspecified</pose>
		<truncated>0</truncated>
		<difficult>0</difficult>
		<bndbox>
			<xmin>110</xmin>
			<ymin>75</ymin>
			<xmax>437</xmax>
			<ymax>226</ymax>
		</bndbox>
	</object>
	<object>
		<name>Section Text</name>
		<pose>Unspecified</pose>
		<truncated>0</truncated>
		<difficult>0</difficult>
		<bndbox>
			<xmin>109</xmin>
			<ymin>262</ymin>
			<xmax>435</xmax>
			<ymax>513</ymax>
		</bndbox>
	</object>
	<object>
		<name>Section Text</name>
		<pose>Unspecified</pose>
		<truncated>0</truncated>
		<difficult>0</difficult>
		<bndbox>
			<xmin>111</xmin>
			<ymin>547</ymin>
			<xmax>444</xmax>
			<ymax>587</ymax>
		</bndbox>
	</object>
	<object>
		<name>Section Title</name>
		<pose>Unspecified</pose>
		<truncated>0</truncated>
		<difficult>0</difficult>
		<bndbox>
			<xmin>113</xmin>
			<ymin>520</ymin>
			<xmax>344</xmax>
			<ymax>537</ymax>
		</bndbox>
	</object>
	<object>
		<name>Section Title</name>
		<pose>Unspecified</pose>
		<truncated>0</truncated>
		<difficult>0</difficult>
		<bndbox>
			<xmin>109</xmin>
			<ymin>236</ymin>
			<xmax>198</xmax>
			<ymax>253</ymax>
		</bndbox>
	</object>
	<object>
		<name>Section Title</name>
		<pose>Unspecified</pose>
		<truncated>0</truncated>
		<difficult>0</difficult>
		<bndbox>
			<xmin>111</xmin>
			<ymin>50</ymin>
			<xmax>273</xmax>
			<ymax>67</ymax>
		</bndbox>
	</object>
	<object>
		<name>Section No.</name>
		<pose>Unspecified</pose>
		<truncated>0</truncated>
		<difficult>0</difficult>
		<bndbox>
			<xmin>55</xmin>
			<ymin>522</ymin>
			<xmax>85</xmax>
			<ymax>538</ymax>
		</bndbox>
	</object>
	<object>
		<name>Section No.</name>
		<pose>Unspecified</pose>
		<truncated>0</truncated>
		<difficult>0</difficult>
		<bndbox>
			<xmin>51</xmin>
			<ymin>236</ymin>
			<xmax>87</xmax>
			<ymax>254</ymax>
		</bndbox>
	</object>
	<object>
		<name>Section No.</name>
		<pose>Unspecified</pose>
		<truncated>0</truncated>
		<difficult>0</difficult>
		<bndbox>
			<xmin>49</xmin>
			<ymin>49</ymin>
			<xmax>85</xmax>
			<ymax>67</ymax>
		</bndbox>
	</object>
	<object>
		<name>Page No.</name>
		<pose>Unspecified</pose>
		<truncated>0</truncated>
		<difficult>0</difficult>
		<bndbox>
			<xmin>422</xmin>
			<ymin>16</ymin>
			<xmax>442</xmax>
			<ymax>32</ymax>
		</bndbox>
	</object>
</annotation>
