filename,width,height,class,xmin,ymin,xmax,ymax
Screenshot 2021-03-14 at 6.27.52 PM.png,499,647,Section Text,110,75,437,226
Screenshot 2021-03-14 at 6.27.52 PM.png,499,647,Section Text,109,262,435,513
Screenshot 2021-03-14 at 6.27.52 PM.png,499,647,Section Text,111,547,444,587
Screenshot 2021-03-14 at 6.27.52 PM.png,499,647,Section Title,113,520,344,537
Screenshot 2021-03-14 at 6.27.52 PM.png,499,647,Section Title,109,236,198,253
Screenshot 2021-03-14 at 6.27.52 PM.png,499,647,Section Title,111,50,273,67
Screenshot 2021-03-14 at 6.27.52 PM.png,499,647,Section No.,55,522,85,538
Screenshot 2021-03-14 at 6.27.52 PM.png,499,647,Section No.,51,236,87,254
Screenshot 2021-03-14 at 6.27.52 PM.png,499,647,Section No.,49,49,85,67
Screenshot 2021-03-14 at 6.27.52 PM.png,499,647,Page No.,422,16,442,32
Screenshot 2021-03-14 at 6.24.00 PM.png,499,647,Section Text,115,53,451,103
Screenshot 2021-03-14 at 6.24.00 PM.png,499,647,Section Title,115,111,226,126
Screenshot 2021-03-14 at 6.24.00 PM.png,499,647,Section No.,58,111,90,128
Screenshot 2021-03-14 at 6.24.00 PM.png,499,647,Section Text,115,132,450,184
Screenshot 2021-03-14 at 6.24.00 PM.png,499,647,Section Title,116,224,221,241
Screenshot 2021-03-14 at 6.24.00 PM.png,499,647,Section No.,57,225,87,240
Screenshot 2021-03-14 at 6.24.00 PM.png,499,647,Section Text,116,248,448,355
Screenshot 2021-03-14 at 6.24.00 PM.png,499,647,Section Title,116,361,215,375
Screenshot 2021-03-14 at 6.24.00 PM.png,499,647,Section No.,58,362,91,379
Screenshot 2021-03-14 at 6.24.00 PM.png,499,647,Section Text,116,387,448,424
Screenshot 2021-03-14 at 6.24.00 PM.png,499,647,Section Title,116,430,246,443
Screenshot 2021-03-14 at 6.24.00 PM.png,499,647,Section No.,58,432,90,446
Screenshot 2021-03-14 at 6.24.00 PM.png,499,647,Section Text,116,454,450,564
Screenshot 2021-03-14 at 6.24.00 PM.png,499,647,Section Title,116,567,227,583
Screenshot 2021-03-14 at 6.24.00 PM.png,499,647,Section No.,58,567,86,585
Screenshot 2021-03-14 at 6.24.00 PM.png,499,647,Page No.,227,615,281,630
Screenshot 2021-03-14 at 6.27.31 PM.png,499,647,Section Text,100,90,433,168
Screenshot 2021-03-14 at 6.27.31 PM.png,499,647,Section Text,99,341,440,420
Screenshot 2021-03-14 at 6.27.31 PM.png,499,647,Section Text,100,202,435,242
Screenshot 2021-03-14 at 6.27.31 PM.png,499,647,Section Text,98,277,437,308
Screenshot 2021-03-14 at 6.27.31 PM.png,499,647,Section Text,102,569,438,597
Screenshot 2021-03-14 at 6.27.31 PM.png,499,647,Section Title,98,316,329,332
Screenshot 2021-03-14 at 6.27.31 PM.png,499,647,Section Title,99,252,280,269
Screenshot 2021-03-14 at 6.27.31 PM.png,499,647,Section Title,100,177,227,193
Screenshot 2021-03-14 at 6.27.31 PM.png,499,647,Section Title,101,64,232,80
Screenshot 2021-03-14 at 6.27.31 PM.png,499,647,Section No.,44,314,76,333
Screenshot 2021-03-14 at 6.27.31 PM.png,499,647,Section No.,44,252,76,271
Screenshot 2021-03-14 at 6.27.31 PM.png,499,647,Section No.,43,176,75,195
Screenshot 2021-03-14 at 6.27.31 PM.png,499,647,Section No.,43,63,75,82
Screenshot 2021-03-14 at 6.27.31 PM.png,499,647,Page No.,414,43,434,62
Screenshot 2021-03-14 at 6.27.31 PM.png,499,647,Section Title,104,545,165,561
Screenshot 2021-03-14 at 6.27.31 PM.png,499,647,Section Title,99,429,161,446
Screenshot 2021-03-14 at 6.27.31 PM.png,499,647,Section Text,97,455,441,496
Screenshot 2021-03-14 at 6.27.31 PM.png,499,647,Section No.,44,543,78,560
Screenshot 2021-03-14 at 6.27.31 PM.png,499,647,Section No.,44,427,76,446
Screenshot 2021-03-14 at 6.23.16 PM.png,499,647,Section Text,115,53,443,89
Screenshot 2021-03-14 at 6.23.16 PM.png,499,647,Section Title,114,97,221,114
Screenshot 2021-03-14 at 6.23.16 PM.png,499,647,Section No.,56,97,85,115
Screenshot 2021-03-14 at 6.23.16 PM.png,499,647,Section Text,115,123,448,169
Screenshot 2021-03-14 at 6.23.16 PM.png,499,647,Section No.,56,178,84,195
Screenshot 2021-03-14 at 6.23.16 PM.png,499,647,Section Title,115,178,174,194
Screenshot 2021-03-14 at 6.23.16 PM.png,499,647,Section Text,115,201,448,537
Screenshot 2021-03-14 at 6.23.16 PM.png,499,647,Section Title,114,541,208,556
Screenshot 2021-03-14 at 6.23.16 PM.png,499,647,Section No.,56,540,84,555
Screenshot 2021-03-14 at 6.23.16 PM.png,499,647,Section Text,114,562,449,600
Screenshot 2021-03-14 at 6.23.16 PM.png,499,647,Page No.,225,612,284,630
Screenshot 2021-03-14 at 6.26.13 PM.png,499,647,Section Text,96,89,433,156
Screenshot 2021-03-14 at 6.26.13 PM.png,499,647,Section Text,97,188,441,247
Screenshot 2021-03-14 at 6.26.13 PM.png,499,647,Section Text,100,277,438,369
Screenshot 2021-03-14 at 6.26.13 PM.png,499,647,Section Text,103,442,441,520
Screenshot 2021-03-14 at 6.26.13 PM.png,499,647,Section Text,99,555,444,596
Screenshot 2021-03-14 at 6.26.13 PM.png,499,647,Section Title,100,64,268,82
Screenshot 2021-03-14 at 6.26.13 PM.png,499,647,Section Title,98,165,230,183
Screenshot 2021-03-14 at 6.26.13 PM.png,499,647,Section Title,105,415,154,431
Screenshot 2021-03-14 at 6.26.13 PM.png,499,647,Section Title,96,253,217,268
Screenshot 2021-03-14 at 6.26.13 PM.png,499,647,Section Title,100,529,206,546
Screenshot 2021-03-14 at 6.26.13 PM.png,499,647,Page No.,45,527,79,545
Screenshot 2021-03-14 at 6.26.13 PM.png,499,647,Page No.,43,416,77,434
Screenshot 2021-03-14 at 6.26.13 PM.png,499,647,Page No.,43,252,77,270
Screenshot 2021-03-14 at 6.26.13 PM.png,499,647,Page No.,42,164,76,182
Screenshot 2021-03-14 at 6.26.13 PM.png,499,647,Page No.,42,64,76,82
Screenshot 2021-03-14 at 6.26.13 PM.png,499,647,Page No.,416,18,439,34
Screenshot 2021-03-14 at 6.25.22 PM.png,499,647,Section Text,99,52,423,83
Screenshot 2021-03-14 at 6.25.22 PM.png,499,647,Section Text,97,126,442,488
Screenshot 2021-03-14 at 6.25.22 PM.png,499,647,Section Text,104,560,436,602
Screenshot 2021-03-14 at 6.25.22 PM.png,499,647,Section No.,42,128,73,143
Screenshot 2021-03-14 at 6.25.22 PM.png,499,647,Section No.,48,533,71,547
Screenshot 2021-03-14 at 6.25.22 PM.png,499,647,Section Title,103,532,187,549
Screenshot 2021-03-14 at 6.25.22 PM.png,499,647,Page No.,422,27,433,45
Screenshot 2021-03-14 at 6.25.14 PM.png,499,647,Section Text,98,60,441,247
Screenshot 2021-03-14 at 6.25.14 PM.png,499,647,Section Text,102,318,443,590
Screenshot 2021-03-14 at 6.25.14 PM.png,499,647,Section Title,102,292,219,309
Screenshot 2021-03-14 at 6.25.14 PM.png,499,647,Section No.,45,293,75,311
Screenshot 2021-03-14 at 6.25.14 PM.png,499,647,Section No.,45,66,75,84
Screenshot 2021-03-14 at 6.25.14 PM.png,499,647,Page No.,428,17,441,32
Screenshot 2021-03-14 at 6.25.32 PM.png,499,647,Section Text,108,89,431,118
Screenshot 2021-03-14 at 6.25.32 PM.png,499,647,Section Text,109,150,449,307
Screenshot 2021-03-14 at 6.25.32 PM.png,499,647,Section Text,106,427,447,632
Screenshot 2021-03-14 at 6.25.32 PM.png,499,647,Section Text,107,338,441,392
Screenshot 2021-03-14 at 6.25.32 PM.png,499,647,Section Title,110,125,254,143
Screenshot 2021-03-14 at 6.25.32 PM.png,499,647,Section Title,108,312,224,331
Screenshot 2021-03-14 at 6.25.32 PM.png,499,647,Section Title,107,400,278,419
Screenshot 2021-03-14 at 6.25.32 PM.png,499,647,Section No.,50,125,81,145
Screenshot 2021-03-14 at 6.25.32 PM.png,499,647,Section No.,51,312,82,332
Screenshot 2021-03-14 at 6.25.32 PM.png,499,647,Section No.,48,399,79,419
Screenshot 2021-03-14 at 6.25.32 PM.png,499,647,Page No.,430,65,446,81
Screenshot 2021-03-14 at 6.23.53 PM.png,499,647,Section Title,119,52,222,68
Screenshot 2021-03-14 at 6.23.53 PM.png,499,647,Section No.,59,53,85,70
Screenshot 2021-03-14 at 6.23.53 PM.png,499,647,Section Text,120,76,451,123
Screenshot 2021-03-14 at 6.23.53 PM.png,499,647,Section Title,119,133,232,151
Screenshot 2021-03-14 at 6.23.53 PM.png,499,647,Section No.,59,132,88,151
Screenshot 2021-03-14 at 6.23.53 PM.png,499,647,Section Text,119,157,452,264
Screenshot 2021-03-14 at 6.23.53 PM.png,499,647,Section Title,119,270,229,286
Screenshot 2021-03-14 at 6.23.53 PM.png,499,647,Section No.,60,270,86,288
Screenshot 2021-03-14 at 6.23.53 PM.png,499,647,Section Text,119,293,453,362
Screenshot 2021-03-14 at 6.23.53 PM.png,499,647,Section Title,118,371,199,389
Screenshot 2021-03-14 at 6.23.53 PM.png,499,647,Section No.,60,374,92,390
Screenshot 2021-03-14 at 6.23.53 PM.png,499,647,Section Text,118,395,456,478
Screenshot 2021-03-14 at 6.23.53 PM.png,499,647,Section Title,117,518,276,535
Screenshot 2021-03-14 at 6.23.53 PM.png,499,647,Section No.,59,518,96,535
Screenshot 2021-03-14 at 6.23.53 PM.png,499,647,Section Text,117,541,456,590
Screenshot 2021-03-14 at 6.23.53 PM.png,499,647,Page No.,227,616,285,632
Screenshot 2021-03-14 at 6.27.17 PM.png,499,647,Section Text,95,73,432,265
Screenshot 2021-03-14 at 6.27.17 PM.png,499,647,Section Text,99,302,436,344
Screenshot 2021-03-14 at 6.27.17 PM.png,499,647,Section Text,99,378,423,420
Screenshot 2021-03-14 at 6.27.17 PM.png,499,647,Section Text,101,453,430,508
Screenshot 2021-03-14 at 6.27.17 PM.png,499,647,Section Text,103,543,432,612
Screenshot 2021-03-14 at 6.27.17 PM.png,499,647,Section Title,95,275,238,293
Screenshot 2021-03-14 at 6.27.17 PM.png,499,647,Section Title,98,427,256,444
Screenshot 2021-03-14 at 6.27.17 PM.png,499,647,Section Title,101,514,207,533
Screenshot 2021-03-14 at 6.27.17 PM.png,499,647,Section Title,98,351,189,369
Screenshot 2021-03-14 at 6.27.17 PM.png,499,647,Section No.,45,516,81,533
Screenshot 2021-03-14 at 6.27.17 PM.png,499,647,Section No.,43,427,79,444
Screenshot 2021-03-14 at 6.27.17 PM.png,499,647,Section No.,43,352,79,369
Screenshot 2021-03-14 at 6.27.17 PM.png,499,647,Section No.,43,276,77,293
Screenshot 2021-03-14 at 6.27.17 PM.png,499,647,Page No.,413,38,433,56
Screenshot 2021-03-14 at 6.23.45 PM.png,499,647,Section Text,118,87,451,207
Screenshot 2021-03-14 at 6.23.45 PM.png,499,647,Section Title,117,60,252,78
Screenshot 2021-03-14 at 6.23.45 PM.png,499,647,Section No.,57,60,88,80
Screenshot 2021-03-14 at 6.23.45 PM.png,499,647,Section Title,117,247,196,263
Screenshot 2021-03-14 at 6.23.45 PM.png,499,647,Section Title,116,350,262,368
Screenshot 2021-03-14 at 6.23.45 PM.png,499,647,Section Title,117,430,289,447
Screenshot 2021-03-14 at 6.23.45 PM.png,499,647,Section Title,116,509,305,525
Screenshot 2021-03-14 at 6.23.45 PM.png,499,647,Section No.,58,248,85,262
Screenshot 2021-03-14 at 6.23.45 PM.png,499,647,Section No.,59,351,84,369
Screenshot 2021-03-14 at 6.23.45 PM.png,499,647,Section No.,59,432,85,448
Screenshot 2021-03-14 at 6.23.45 PM.png,499,647,Section No.,59,507,86,526
Screenshot 2021-03-14 at 6.23.45 PM.png,499,647,Section Text,115,271,452,340
Screenshot 2021-03-14 at 6.23.45 PM.png,499,647,Section Text,116,372,452,421
Screenshot 2021-03-14 at 6.23.45 PM.png,499,647,Section Text,117,453,454,500
Screenshot 2021-03-14 at 6.23.45 PM.png,499,647,Section Text,116,533,454,591
Screenshot 2021-03-14 at 6.23.45 PM.png,499,647,Page No.,225,617,282,633
Screenshot 2021-03-14 at 6.27.11 PM.png,499,647,Section Text,106,92,443,148
Screenshot 2021-03-14 at 6.27.11 PM.png,499,647,Section Text,107,183,444,350
Screenshot 2021-03-14 at 6.27.11 PM.png,499,647,Section Text,107,384,446,439
Screenshot 2021-03-14 at 6.27.11 PM.png,499,647,Section Text,104,473,444,615
Screenshot 2021-03-14 at 6.27.11 PM.png,499,647,Section Title,106,449,218,464
Screenshot 2021-03-14 at 6.27.11 PM.png,499,647,Section Title,107,360,226,375
Screenshot 2021-03-14 at 6.27.11 PM.png,499,647,Section Title,107,157,238,173
Screenshot 2021-03-14 at 6.27.11 PM.png,499,647,Section Title,108,70,218,84
Screenshot 2021-03-14 at 6.27.11 PM.png,499,647,Section No.,51,448,83,464
Screenshot 2021-03-14 at 6.27.11 PM.png,499,647,Section No.,48,359,85,375
Screenshot 2021-03-14 at 6.27.11 PM.png,499,647,Section No.,47,158,84,174
Screenshot 2021-03-14 at 6.27.11 PM.png,499,647,Section No.,47,70,84,86
Screenshot 2021-03-14 at 6.27.11 PM.png,499,647,Page No.,427,33,446,50
Screenshot 2021-03-14 at 6.24.20 PM.png,499,647,Section Text,118,53,450,103
Screenshot 2021-03-14 at 6.24.20 PM.png,499,647,Section Title,119,111,274,128
Screenshot 2021-03-14 at 6.24.20 PM.png,499,647,Section Text,119,133,452,196
Screenshot 2021-03-14 at 6.24.20 PM.png,499,647,Section No.,59,110,91,127
Screenshot 2021-03-14 at 6.24.20 PM.png,499,647,Section No.,59,203,92,217
Screenshot 2021-03-14 at 6.24.20 PM.png,499,647,Section Title,119,202,223,219
Screenshot 2021-03-14 at 6.24.20 PM.png,499,647,Section Text,119,225,454,321
Screenshot 2021-03-14 at 6.24.20 PM.png,499,647,Section Title,118,328,209,341
Screenshot 2021-03-14 at 6.24.20 PM.png,499,647,Section No.,60,328,90,346
Screenshot 2021-03-14 at 6.24.20 PM.png,499,647,Section Text,118,349,450,365
Screenshot 2021-03-14 at 6.24.20 PM.png,499,647,Section No.,59,375,90,391
Screenshot 2021-03-14 at 6.24.20 PM.png,499,647,Section Title,116,373,236,389
Screenshot 2021-03-14 at 6.24.20 PM.png,499,647,Section Text,118,394,455,423
Screenshot 2021-03-14 at 6.24.20 PM.png,499,647,Section Title,119,430,257,446
Screenshot 2021-03-14 at 6.24.20 PM.png,499,647,Section Text,117,454,456,484
Screenshot 2021-03-14 at 6.24.20 PM.png,499,647,Section Title,118,488,278,501
Screenshot 2021-03-14 at 6.24.20 PM.png,499,647,Section Text,119,514,459,552
Screenshot 2021-03-14 at 6.24.20 PM.png,499,647,Section Title,120,579,293,599
Screenshot 2021-03-14 at 6.24.20 PM.png,499,647,Section No.,60,433,90,446
Screenshot 2021-03-14 at 6.24.20 PM.png,499,647,Section No.,61,489,91,506
Screenshot 2021-03-14 at 6.24.20 PM.png,499,647,Section No.,62,578,91,592
Screenshot 2021-03-14 at 6.24.20 PM.png,499,647,Page No.,225,617,282,629
Screenshot 2021-03-14 at 6.27.44 PM.png,499,647,Section Text,98,93,418,136
Screenshot 2021-03-14 at 6.27.44 PM.png,499,647,Section Text,101,569,433,620
Screenshot 2021-03-14 at 6.27.44 PM.png,499,647,Section Text,98,414,435,533
Screenshot 2021-03-14 at 6.27.44 PM.png,499,647,Section Text,98,204,432,383
Screenshot 2021-03-14 at 6.27.44 PM.png,499,647,Section Title,101,541,291,557
Screenshot 2021-03-14 at 6.27.44 PM.png,499,647,Section Title,99,391,179,408
Screenshot 2021-03-14 at 6.27.44 PM.png,499,647,Section Title,102,181,189,196
Screenshot 2021-03-14 at 6.27.44 PM.png,499,647,Section Title,99,67,202,84
Screenshot 2021-03-14 at 6.27.44 PM.png,499,647,Section No.,44,542,76,558
Screenshot 2021-03-14 at 6.27.44 PM.png,499,647,Section No.,42,179,74,195
Screenshot 2021-03-14 at 6.27.44 PM.png,499,647,Section No.,43,391,75,407
Screenshot 2021-03-14 at 6.27.44 PM.png,499,647,Section No.,41,67,73,83
Screenshot 2021-03-14 at 6.27.44 PM.png,499,647,Page No.,413,45,430,63
Screenshot 2021-03-14 at 6.26.05 PM.png,499,647,Section Text,105,99,444,153
Screenshot 2021-03-14 at 6.26.05 PM.png,499,647,Section Text,103,186,441,291
Screenshot 2021-03-14 at 6.26.05 PM.png,499,647,Section Text,103,514,447,586
Screenshot 2021-03-14 at 6.26.05 PM.png,499,647,Section Text,105,403,446,483
Screenshot 2021-03-14 at 6.26.05 PM.png,499,647,Section Text,105,325,443,368
Screenshot 2021-03-14 at 6.26.05 PM.png,499,647,Section Title,105,489,194,507
Screenshot 2021-03-14 at 6.26.05 PM.png,499,647,Section Title,106,375,219,393
Screenshot 2021-03-14 at 6.26.05 PM.png,499,647,Section Title,105,299,219,317
Screenshot 2021-03-14 at 6.26.05 PM.png,499,647,Section Title,104,162,274,179
Screenshot 2021-03-14 at 6.26.05 PM.png,499,647,Section Title,106,74,379,91
Screenshot 2021-03-14 at 6.26.05 PM.png,499,647,Section No.,49,489,84,506
Screenshot 2021-03-14 at 6.26.05 PM.png,499,647,Section No.,48,376,83,393
Screenshot 2021-03-14 at 6.26.05 PM.png,499,647,Section No.,48,301,83,318
Screenshot 2021-03-14 at 6.26.05 PM.png,499,647,Section No.,47,162,82,179
Screenshot 2021-03-14 at 6.26.05 PM.png,499,647,Section No.,46,73,81,90
Screenshot 2021-03-14 at 6.26.05 PM.png,499,647,Page No.,425,48,440,68
Screenshot 2021-03-14 at 6.25.57 PM.png,499,647,Section Text,99,90,441,247
Screenshot 2021-03-14 at 6.25.57 PM.png,499,647,Section Text,103,314,433,394
Screenshot 2021-03-14 at 6.25.57 PM.png,499,647,Section Text,102,427,438,471
Screenshot 2021-03-14 at 6.25.57 PM.png,499,647,Section Text,104,503,441,559
Screenshot 2021-03-14 at 6.25.57 PM.png,499,647,Section Title,101,65,322,82
Screenshot 2021-03-14 at 6.25.57 PM.png,499,647,Section Title,101,479,275,496
Screenshot 2021-03-14 at 6.25.57 PM.png,499,647,Section Title,102,291,186,307
Screenshot 2021-03-14 at 6.25.57 PM.png,499,647,Section Title,102,404,251,420
Screenshot 2021-03-14 at 6.25.57 PM.png,499,647,Section No.,45,479,81,496
Screenshot 2021-03-14 at 6.25.57 PM.png,499,647,Section No.,45,402,81,419
Screenshot 2021-03-14 at 6.25.57 PM.png,499,647,Section No.,43,291,79,308
Screenshot 2021-03-14 at 6.25.57 PM.png,499,647,Section No.,40,65,76,82
Screenshot 2021-03-14 at 6.25.57 PM.png,499,647,Page No.,419,19,440,36
Screenshot 2021-03-14 at 6.22.56 PM.png,499,647,Section No.,60,256,82,272
Screenshot 2021-03-14 at 6.22.56 PM.png,499,647,Section Text,114,255,455,282
Screenshot 2021-03-14 at 6.22.56 PM.png,499,647,Section No.,60,292,86,306
Screenshot 2021-03-14 at 6.22.56 PM.png,499,647,Section Text,115,290,459,318
Screenshot 2021-03-14 at 6.22.56 PM.png,499,647,Section No.,58,323,87,340
Screenshot 2021-03-14 at 6.22.56 PM.png,499,647,Section Text,115,323,457,383
Screenshot 2021-03-14 at 6.22.56 PM.png,499,647,Section No.,59,391,91,409
Screenshot 2021-03-14 at 6.22.56 PM.png,499,647,Section Text,112,392,455,418
Screenshot 2021-03-14 at 6.22.56 PM.png,499,647,Section No.,57,460,88,474
Screenshot 2021-03-14 at 6.22.56 PM.png,499,647,Section Title,115,459,219,475
Screenshot 2021-03-14 at 6.22.56 PM.png,499,647,Section Text,113,481,450,579
Screenshot 2021-03-14 at 6.22.56 PM.png,499,647,Page No.,223,605,291,627
Screenshot 2021-03-14 at 6.24.37 PM.png,499,647,Section Text,120,53,455,160
Screenshot 2021-03-14 at 6.24.37 PM.png,499,647,Section Text,120,189,455,273
Screenshot 2021-03-14 at 6.24.37 PM.png,499,647,Section Text,121,304,456,366
Screenshot 2021-03-14 at 6.24.37 PM.png,499,647,Section Text,122,396,458,446
Screenshot 2021-03-14 at 6.24.37 PM.png,499,647,Section Text,122,476,458,551
Screenshot 2021-03-14 at 6.24.37 PM.png,499,647,Section Title,119,587,209,603
Screenshot 2021-03-14 at 6.24.37 PM.png,499,647,Section No.,64,586,97,604
Screenshot 2021-03-14 at 6.24.37 PM.png,499,647,Section No.,64,453,94,471
Screenshot 2021-03-14 at 6.24.37 PM.png,499,647,Section Title,118,453,224,470
Screenshot 2021-03-14 at 6.24.37 PM.png,499,647,Section Title,121,373,202,390
Screenshot 2021-03-14 at 6.24.37 PM.png,499,647,Section Title,121,279,233,296
Screenshot 2021-03-14 at 6.24.37 PM.png,499,647,Section Title,120,165,177,183
Screenshot 2021-03-14 at 6.24.37 PM.png,499,647,Section No.,63,373,93,391
Screenshot 2021-03-14 at 6.24.37 PM.png,499,647,Section No.,63,280,93,298
Screenshot 2021-03-14 at 6.24.37 PM.png,499,647,Section No.,63,165,93,183
Screenshot 2021-03-14 at 6.24.37 PM.png,499,647,Page No.,227,614,287,630
Screenshot 2021-03-14 at 6.24.29 PM.png,499,647,Section Text,115,48,449,119
Screenshot 2021-03-14 at 6.24.29 PM.png,499,647,Section Title,117,161,291,176
Screenshot 2021-03-14 at 6.24.29 PM.png,499,647,Section No.,58,162,86,178
Screenshot 2021-03-14 at 6.24.29 PM.png,499,647,Section Text,115,187,452,281
Screenshot 2021-03-14 at 6.24.29 PM.png,499,647,Section Title,116,290,210,304
Screenshot 2021-03-14 at 6.24.29 PM.png,499,647,Section No.,57,289,87,305
Screenshot 2021-03-14 at 6.24.29 PM.png,499,647,Section Text,117,311,451,363
Screenshot 2021-03-14 at 6.24.29 PM.png,499,647,Section Title,117,370,203,386
Screenshot 2021-03-14 at 6.24.29 PM.png,499,647,Section Text,116,392,451,442
Screenshot 2021-03-14 at 6.24.29 PM.png,499,647,Section No.,56,369,87,384
Screenshot 2021-03-14 at 6.24.29 PM.png,499,647,Section No.,57,451,87,465
Screenshot 2021-03-14 at 6.24.29 PM.png,499,647,Section No.,59,577,89,594
Screenshot 2021-03-14 at 6.24.29 PM.png,499,647,Section Title,115,449,228,465
Screenshot 2021-03-14 at 6.24.29 PM.png,499,647,Section Text,115,472,451,568
Screenshot 2021-03-14 at 6.24.29 PM.png,499,647,Section Title,113,576,249,596
Screenshot 2021-03-14 at 6.24.29 PM.png,499,647,Page No.,223,615,284,630
Screenshot 2021-03-14 at 6.23.31 PM.png,499,647,Section No.,59,53,87,67
Screenshot 2021-03-14 at 6.23.31 PM.png,499,647,Section Text,118,52,452,109
Screenshot 2021-03-14 at 6.23.31 PM.png,499,647,Section No.,59,144,87,159
Screenshot 2021-03-14 at 6.23.31 PM.png,499,647,Section Title,118,145,220,159
Screenshot 2021-03-14 at 6.23.31 PM.png,499,647,Section Text,118,167,452,228
Screenshot 2021-03-14 at 6.23.31 PM.png,499,647,Section Title,119,235,180,251
Screenshot 2021-03-14 at 6.23.31 PM.png,499,647,Section No.,59,232,89,252
Screenshot 2021-03-14 at 6.23.31 PM.png,499,647,Section Title,119,348,245,368
Screenshot 2021-03-14 at 6.23.31 PM.png,499,647,Section No.,59,348,86,368
Screenshot 2021-03-14 at 6.23.31 PM.png,499,647,Section Text,115,255,451,340
Screenshot 2021-03-14 at 6.23.31 PM.png,499,647,Section Text,117,373,452,410
Screenshot 2021-03-14 at 6.23.31 PM.png,499,647,Section Title,119,453,200,471
Screenshot 2021-03-14 at 6.23.31 PM.png,499,647,Section No.,58,451,85,469
Screenshot 2021-03-14 at 6.23.31 PM.png,499,647,Section No.,58,519,85,538
Screenshot 2021-03-14 at 6.23.31 PM.png,499,647,Section Title,119,520,224,539
Screenshot 2021-03-14 at 6.23.31 PM.png,499,647,Section Text,119,477,455,516
Screenshot 2021-03-14 at 6.23.31 PM.png,499,647,Section Text,116,544,455,593
Screenshot 2021-03-14 at 6.23.31 PM.png,499,647,Page No.,225,615,283,632
Screenshot 2021-03-14 at 6.23.23 PM.png,504,648,Section Title,115,48,193,65
Screenshot 2021-03-14 at 6.23.23 PM.png,504,648,Section No.,59,48,85,67
Screenshot 2021-03-14 at 6.23.23 PM.png,504,648,Section Text,114,72,452,365
Screenshot 2021-03-14 at 6.23.23 PM.png,504,648,Section No.,60,405,86,422
Screenshot 2021-03-14 at 6.23.23 PM.png,504,648,Section Text,117,405,452,610
Screenshot 2021-03-14 at 6.23.23 PM.png,504,648,Page No.,225,616,286,631
Screenshot 2021-03-14 at 6.23.07 PM.png,499,647,Section Text,116,52,452,239
Screenshot 2021-03-14 at 6.23.07 PM.png,499,647,Section Title,117,247,217,264
Screenshot 2021-03-14 at 6.23.07 PM.png,499,647,Section No.,59,247,88,262
Screenshot 2021-03-14 at 6.23.07 PM.png,499,647,Section Title,117,361,201,375
Screenshot 2021-03-14 at 6.23.07 PM.png,499,647,Section No.,60,358,86,378
Screenshot 2021-03-14 at 6.23.07 PM.png,499,647,Section Title,116,438,254,454
Screenshot 2021-03-14 at 6.23.07 PM.png,499,647,Section No.,58,440,91,456
Screenshot 2021-03-14 at 6.23.07 PM.png,499,647,Section Title,118,541,280,557
Screenshot 2021-03-14 at 6.23.07 PM.png,499,647,Section No.,58,541,91,558
Screenshot 2021-03-14 at 6.23.07 PM.png,499,647,Section Text,115,382,454,429
Screenshot 2021-03-14 at 6.23.07 PM.png,499,647,Section Text,116,462,451,535
Screenshot 2021-03-14 at 6.23.07 PM.png,499,647,Section Text,115,565,447,600
Screenshot 2021-03-14 at 6.23.07 PM.png,499,647,Page No.,226,614,286,629
Screenshot 2021-03-14 at 6.23.07 PM.png,499,647,Section Text,116,270,456,321
Screenshot 2021-03-14 at 6.25.42 PM.png,499,647,Section Text,101,90,407,120
Screenshot 2021-03-14 at 6.25.42 PM.png,499,647,Section Text,101,153,428,206
Screenshot 2021-03-14 at 6.25.42 PM.png,499,647,Section Text,102,279,435,402
Screenshot 2021-03-14 at 6.25.42 PM.png,499,647,Section Text,103,473,436,580
Screenshot 2021-03-14 at 6.25.42 PM.png,499,647,Section Title,103,446,208,463
Screenshot 2021-03-14 at 6.25.42 PM.png,499,647,Section Title,104,253,263,273
Screenshot 2021-03-14 at 6.25.42 PM.png,499,647,Section Title,100,125,304,145
Screenshot 2021-03-14 at 6.25.42 PM.png,499,647,Section No.,42,125,72,144
Screenshot 2021-03-14 at 6.25.42 PM.png,499,647,Section No.,42,254,72,273
Screenshot 2021-03-14 at 6.25.42 PM.png,499,647,Section No.,44,445,74,464
Screenshot 2021-03-14 at 6.25.42 PM.png,499,647,Page No.,421,67,441,88
Screenshot 2021-03-14 at 6.25.50 PM.png,499,647,Section Text,105,152,438,248
Screenshot 2021-03-14 at 6.25.50 PM.png,499,647,Section Text,107,489,444,599
Screenshot 2021-03-14 at 6.25.50 PM.png,499,647,Section Text,105,281,437,338
Screenshot 2021-03-14 at 6.25.50 PM.png,499,647,Section Text,108,411,438,458
Screenshot 2021-03-14 at 6.25.50 PM.png,499,647,Section Title,105,129,201,145
Screenshot 2021-03-14 at 6.25.50 PM.png,499,647,Section Title,107,256,218,273
Screenshot 2021-03-14 at 6.25.50 PM.png,499,647,Section Title,108,386,195,403
Screenshot 2021-03-14 at 6.25.50 PM.png,499,647,Section Title,107,465,186,481
Screenshot 2021-03-14 at 6.25.50 PM.png,499,647,Section No.,51,463,80,480
Screenshot 2021-03-14 at 6.25.50 PM.png,499,647,Section No.,48,386,77,403
Screenshot 2021-03-14 at 6.25.50 PM.png,499,647,Section No.,49,257,78,274
Screenshot 2021-03-14 at 6.25.50 PM.png,499,647,Section No.,48,129,77,146
Screenshot 2021-03-14 at 6.25.50 PM.png,499,647,Page No.,426,64,446,84
Screenshot 2021-03-14 at 6.24.07 PM.png,499,647,Section Text,118,52,451,479
Screenshot 2021-03-14 at 6.24.07 PM.png,499,647,Section Title,118,485,231,500
Screenshot 2021-03-14 at 6.24.07 PM.png,499,647,Section No.,58,485,89,500
Screenshot 2021-03-14 at 6.24.07 PM.png,499,647,Section Text,118,510,451,556
Screenshot 2021-03-14 at 6.24.07 PM.png,499,647,Section Title,118,576,207,593
Screenshot 2021-03-14 at 6.24.07 PM.png,499,647,Section No.,60,575,90,597
Screenshot 2021-03-14 at 6.24.07 PM.png,499,647,Page No.,224,616,282,630
Screenshot 2021-03-14 at 6.27.24 PM.png,499,647,Section Text,106,88,439,113
Screenshot 2021-03-14 at 6.27.24 PM.png,499,647,Section Text,106,147,414,179
Screenshot 2021-03-14 at 6.27.24 PM.png,499,647,Section Text,105,210,419,239
Screenshot 2021-03-14 at 6.27.24 PM.png,499,647,Section Text,107,272,435,303
Screenshot 2021-03-14 at 6.27.24 PM.png,499,647,Section Text,104,375,468,615
Screenshot 2021-03-14 at 6.27.24 PM.png,499,647,Section Title,108,347,219,364
Screenshot 2021-03-14 at 6.27.24 PM.png,499,647,Section Title,106,247,247,266
Screenshot 2021-03-14 at 6.27.24 PM.png,499,647,Section Title,105,185,200,201
Screenshot 2021-03-14 at 6.27.24 PM.png,499,647,Section Title,106,122,224,140
Screenshot 2021-03-14 at 6.27.24 PM.png,499,647,Section No.,52,348,84,367
Screenshot 2021-03-14 at 6.27.24 PM.png,499,647,Section No.,50,248,82,267
Screenshot 2021-03-14 at 6.27.24 PM.png,499,647,Section No.,51,185,83,204
Screenshot 2021-03-14 at 6.27.24 PM.png,499,647,Section No.,50,122,82,142
Screenshot 2021-03-14 at 6.27.24 PM.png,499,647,Page No.,423,62,442,80
Screenshot 2021-03-14 at 6.23.39 PM.png,499,647,Section Title,114,90,207,104
Screenshot 2021-03-14 at 6.23.39 PM.png,499,647,Section Text,115,112,450,162
Screenshot 2021-03-14 at 6.23.39 PM.png,499,647,Section No.,59,90,85,105
Screenshot 2021-03-14 at 6.23.39 PM.png,499,647,Section Title,115,201,258,216
Screenshot 2021-03-14 at 6.23.39 PM.png,499,647,Section No.,58,204,88,219
Screenshot 2021-03-14 at 6.23.39 PM.png,499,647,Section Text,115,225,452,285
Screenshot 2021-03-14 at 6.23.39 PM.png,499,647,Section Title,115,296,253,312
Screenshot 2021-03-14 at 6.23.39 PM.png,499,647,Section Text,114,316,452,516
Screenshot 2021-03-14 at 6.23.39 PM.png,499,647,Section No.,58,294,85,309
Screenshot 2021-03-14 at 6.23.39 PM.png,499,647,Section Title,113,519,238,534
Screenshot 2021-03-14 at 6.23.39 PM.png,499,647,Section No.,57,518,85,533
Screenshot 2021-03-14 at 6.23.39 PM.png,499,647,Section Text,116,540,453,603
Screenshot 2021-03-14 at 6.23.39 PM.png,499,647,Page No.,225,611,282,631
Screenshot 2021-03-14 at 6.28.01 PM.png,499,647,Section Text,97,71,418,139
Screenshot 2021-03-14 at 6.28.01 PM.png,499,647,Section Text,98,170,433,287
Screenshot 2021-03-14 at 6.28.01 PM.png,499,647,Section Text,102,359,432,439
Screenshot 2021-03-14 at 6.28.01 PM.png,499,647,Section Text,100,574,434,627
Screenshot 2021-03-14 at 6.28.01 PM.png,499,647,Section Text,101,470,436,538
Screenshot 2021-03-14 at 6.28.01 PM.png,499,647,Section Title,97,146,201,162
Screenshot 2021-03-14 at 6.28.01 PM.png,499,647,Section Title,101,446,256,463
Screenshot 2021-03-14 at 6.28.01 PM.png,499,647,Section Title,100,333,171,350
Screenshot 2021-03-14 at 6.28.01 PM.png,499,647,Section Title,101,547,203,565
Screenshot 2021-03-14 at 6.28.01 PM.png,499,647,Section No.,44,546,74,562
Screenshot 2021-03-14 at 6.28.01 PM.png,499,647,Section No.,42,334,74,349
Screenshot 2021-03-14 at 6.28.01 PM.png,499,647,Section No.,42,447,76,462
Screenshot 2021-03-14 at 6.28.01 PM.png,499,647,Section No.,38,144,76,161
Screenshot 2021-03-14 at 6.28.01 PM.png,499,647,Page No.,415,50,432,66
Screenshot 2021-03-14 at 6.27.38 PM.png,499,647,Section Text,105,96,436,125
Screenshot 2021-03-14 at 6.27.38 PM.png,499,647,Section Text,103,157,440,337
Screenshot 2021-03-14 at 6.27.38 PM.png,499,647,Section Text,106,373,439,463
Screenshot 2021-03-14 at 6.27.38 PM.png,499,647,Section Text,108,498,440,591
Screenshot 2021-03-14 at 6.27.38 PM.png,499,647,Section Title,105,71,221,87
Screenshot 2021-03-14 at 6.27.38 PM.png,499,647,Section Title,103,133,216,150
Screenshot 2021-03-14 at 6.27.38 PM.png,499,647,Section Title,105,348,341,362
Screenshot 2021-03-14 at 6.27.38 PM.png,499,647,Section Title,106,473,191,488
Screenshot 2021-03-14 at 6.27.38 PM.png,499,647,Section No.,50,472,85,488
Screenshot 2021-03-14 at 6.27.38 PM.png,499,647,Section No.,48,347,83,363
Screenshot 2021-03-14 at 6.27.38 PM.png,499,647,Section No.,47,134,82,150
Screenshot 2021-03-14 at 6.27.38 PM.png,499,647,Section No.,47,71,82,87
Screenshot 2021-03-14 at 6.27.38 PM.png,499,647,Page No.,419,46,438,66